filename,ticker_1,ticker_2,start,end,n_row,columns
btcusd.csv,btc,usd,2013-04-01 00:07:00,2022-10-11 09:25:00,4076646,"['open', 'close', 'high', 'low', 'volume']"
ltcusd.csv,ltc,usd,2013-05-19 15:23:00,2022-10-11 09:25:00,2605135,"['open', 'close', 'high', 'low', 'volume']"
ltcbtc.csv,ltc,btc,2013-05-23 12:08:00,2022-10-11 09:24:00,1509078,"['open', 'close', 'high', 'low', 'volume']"
ethusd.csv,eth,usd,2016-03-09 16:04:00,2022-10-11 09:26:00,2858040,"['open', 'close', 'high', 'low', 'volume']"
ethbtc.csv,eth,btc,2016-03-09 16:10:00,2022-10-11 09:05:00,2087194,"['open', 'close', 'high', 'low', 'volume']"
etcusd.csv,etc,usd,2016-07-26 23:20:00,2022-10-11 09:25:00,1526638,"['open', 'close', 'high', 'low', 'volume']"
etcbtc.csv,etc,btc,2016-07-27 11:34:00,2022-10-11 09:23:00,906938,"['open', 'close', 'high', 'low', 'volume']"
rrtusd.csv,rrt,usd,2016-10-10 18:30:00,2022-10-10 18:00:00,135322,"['open', 'close', 'high', 'low', 'volume']"
zecbtc.csv,zec,btc,2016-10-28 23:32:00,2022-10-11 09:26:00,820344,"['open', 'close', 'high', 'low', 'volume']"
zecusd.csv,zec,usd,2016-10-29 07:39:00,2022-10-11 09:26:00,1304802,"['open', 'close', 'high', 'low', 'volume']"
xmrusd.csv,xmr,usd,2016-11-30 18:34:00,2022-10-11 09:25:00,1200687,"['open', 'close', 'high', 'low', 'volume']"
xmrbtc.csv,xmr,btc,2016-11-30 18:34:00,2022-10-11 09:26:00,840698,"['open', 'close', 'high', 'low', 'volume']"
dshusd.csv,dsh,usd,2017-03-03 17:50:00,2022-10-11 09:27:00,1300034,"['open', 'close', 'high', 'low', 'volume']"
dshbtc.csv,dsh,btc,2017-03-03 19:02:00,2022-10-11 09:27:00,794524,"['open', 'close', 'high', 'low', 'volume']"
btceur.csv,btc,eur,2017-05-19 08:16:00,2022-10-11 09:27:00,1833532,"['open', 'close', 'high', 'low', 'volume']"
xrpusd.csv,xrp,usd,2017-05-19 17:57:00,2022-10-11 09:28:00,2465241,"['open', 'close', 'high', 'low', 'volume']"
xrpbtc.csv,xrp,btc,2017-05-19 17:57:00,2022-10-11 09:28:00,1261579,"['open', 'close', 'high', 'low', 'volume']"
iotbtc.csv,iot,btc,2017-06-12 11:02:00,2022-10-11 09:26:00,1083702,"['open', 'close', 'high', 'low', 'volume']"
iotusd.csv,iot,usd,2017-06-12 18:29:00,2022-10-11 09:28:00,1645611,"['open', 'close', 'high', 'low', 'volume']"
ioteth.csv,iot,eth,2017-06-29 12:59:00,2022-10-11 09:21:00,561480,"['open', 'close', 'high', 'low', 'volume']"
eosusd.csv,eos,usd,2017-07-01 16:59:00,2022-10-11 09:23:00,1966815,"['open', 'close', 'high', 'low', 'volume']"
eosbtc.csv,eos,btc,2017-07-01 17:10:00,2022-10-11 09:25:00,1184033,"['open', 'close', 'high', 'low', 'volume']"
eoseth.csv,eos,eth,2017-07-01 17:12:00,2022-10-11 09:01:00,687327,"['open', 'close', 'high', 'low', 'volume']"
sanbtc.csv,san,btc,2017-07-12 11:50:00,2022-02-26 04:11:00,194778,"['open', 'close', 'high', 'low', 'volume']"
saneth.csv,san,eth,2017-07-12 12:13:00,2022-02-26 09:15:00,103261,"['open', 'close', 'high', 'low', 'volume']"
sanusd.csv,san,usd,2017-07-12 14:57:00,2022-08-10 09:28:00,374510,"['open', 'close', 'high', 'low', 'volume']"
omgusd.csv,omg,usd,2017-07-14 12:35:00,2022-10-11 09:26:00,1328606,"['open', 'close', 'high', 'low', 'volume']"
omgeth.csv,omg,eth,2017-07-14 13:27:00,2022-10-11 09:00:00,389648,"['open', 'close', 'high', 'low', 'volume']"
omgbtc.csv,omg,btc,2017-07-14 15:12:00,2022-10-11 09:23:00,958408,"['open', 'close', 'high', 'low', 'volume']"
neousd.csv,neo,usd,2017-09-07 08:47:00,2022-10-11 09:30:00,1372915,"['open', 'close', 'high', 'low', 'volume']"
neobtc.csv,neo,btc,2017-09-07 10:06:00,2022-10-11 09:28:00,668014,"['open', 'close', 'high', 'low', 'volume']"
neoeth.csv,neo,eth,2017-09-07 10:54:00,2022-06-12 06:49:00,164204,"['open', 'close', 'high', 'low', 'volume']"
etpbtc.csv,etp,btc,2017-09-27 21:21:00,2022-08-10 09:33:00,285081,"['open', 'close', 'high', 'low', 'volume']"
etpeth.csv,etp,eth,2017-10-01 08:58:00,2022-01-30 10:55:00,140582,"['open', 'close', 'high', 'low', 'volume']"
etpusd.csv,etp,usd,2017-10-09 16:40:00,2022-10-11 08:54:00,669466,"['open', 'close', 'high', 'low', 'volume']"
qtmusd.csv,qtm,usd,2017-10-10 20:45:00,2022-10-11 08:35:00,272208,"['open', 'close', 'high', 'low', 'volume']"
edobtc.csv,edo,btc,2017-10-20 15:31:00,2022-01-30 11:02:00,178128,"['open', 'close', 'high', 'low', 'volume']"
edousd.csv,edo,usd,2017-10-20 18:05:00,2022-10-11 09:14:00,360824,"['open', 'close', 'high', 'low', 'volume']"
avtusd.csv,avt,usd,2017-10-21 12:01:00,2021-03-27 06:51:00,66334,"['open', 'close', 'high', 'low', 'volume']"
qtmbtc.csv,qtm,btc,2017-10-27 01:27:00,2022-10-11 00:26:00,139326,"['open', 'close', 'high', 'low', 'volume']"
btgusd.csv,btg,usd,2017-10-29 03:23:00,2022-10-11 07:33:00,491184,"['open', 'close', 'high', 'low', 'volume']"
edoeth.csv,edo,eth,2017-10-30 00:01:00,2022-01-30 11:01:00,89265,"['open', 'close', 'high', 'low', 'volume']"
btgbtc.csv,btg,btc,2017-11-03 00:08:00,2022-10-11 07:59:00,331818,"['open', 'close', 'high', 'low', 'volume']"
datbtc.csv,dat,btc,2017-11-05 18:42:00,2022-01-29 20:01:00,272192,"['open', 'close', 'high', 'low', 'volume']"
datusd.csv,dat,usd,2017-11-13 10:02:00,2022-08-10 10:57:00,354296,"['open', 'close', 'high', 'low', 'volume']"
yywusd.csv,yyw,usd,2017-12-01 17:18:00,2021-06-18 15:00:00,135547,"['open', 'close', 'high', 'low', 'volume']"
qshusd.csv,qsh,usd,2017-12-03 13:20:00,2022-02-26 03:48:00,115395,"['open', 'close', 'high', 'low', 'volume']"
ioteur.csv,iot,eur,2017-12-27 09:36:00,2022-06-12 09:28:00,278709,"['open', 'close', 'high', 'low', 'volume']"
gntusd.csv,gnt,usd,2017-12-27 15:58:00,2022-10-11 09:26:00,360589,"['open', 'close', 'high', 'low', 'volume']"
mnausd.csv,mna,usd,2018-01-08 16:00:00,2022-10-11 09:18:00,292182,"['open', 'close', 'high', 'low', 'volume']"
batusd.csv,bat,usd,2018-01-08 21:38:00,2022-10-11 09:18:00,316797,"['open', 'close', 'high', 'low', 'volume']"
batbtc.csv,bat,btc,2018-01-08 21:46:00,2022-01-30 11:06:00,85002,"['open', 'close', 'high', 'low', 'volume']"
funusd.csv,fun,usd,2018-01-08 22:33:00,2022-10-11 01:09:00,94179,"['open', 'close', 'high', 'low', 'volume']"
gnteth.csv,gnt,eth,2018-01-10 01:33:00,2021-04-23 14:12:00,51106,"['open', 'close', 'high', 'low', 'volume']"
sntusd.csv,snt,usd,2018-01-11 10:40:00,2022-10-11 09:22:00,204203,"['open', 'close', 'high', 'low', 'volume']"
bateth.csv,bat,eth,2018-01-11 10:49:00,2022-01-30 09:47:00,44088,"['open', 'close', 'high', 'low', 'volume']"
gntbtc.csv,gnt,btc,2018-01-19 18:40:00,2021-04-23 14:08:00,101626,"['open', 'close', 'high', 'low', 'volume']"
mnabtc.csv,mna,btc,2018-01-21 04:27:00,2022-10-11 09:26:00,191384,"['open', 'close', 'high', 'low', 'volume']"
zrxbtc.csv,zrx,btc,2018-01-23 06:00:00,2022-10-11 09:32:00,328173,"['open', 'close', 'high', 'low', 'volume']"
rcnusd.csv,rcn,usd,2018-01-24 15:47:00,2021-03-27 02:26:00,16809,"['open', 'close', 'high', 'low', 'volume']"
trxbtc.csv,trx,btc,2018-01-24 15:55:00,2022-10-11 09:27:00,562598,"['open', 'close', 'high', 'low', 'volume']"
repbtc.csv,rep,btc,2018-01-24 16:29:00,2022-06-12 09:27:00,150811,"['open', 'close', 'high', 'low', 'volume']"
trxeth.csv,trx,eth,2018-01-26 00:40:00,2022-10-11 09:21:00,383675,"['open', 'close', 'high', 'low', 'volume']"
zrxusd.csv,zrx,usd,2018-01-30 04:43:00,2022-10-11 09:27:00,642848,"['open', 'close', 'high', 'low', 'volume']"
repusd.csv,rep,usd,2018-02-01 06:50:00,2022-10-11 09:11:00,176479,"['open', 'close', 'high', 'low', 'volume']"
zrxeth.csv,zrx,eth,2018-02-02 16:01:00,2022-10-11 08:40:00,264643,"['open', 'close', 'high', 'low', 'volume']"
sngusd.csv,sng,usd,2018-02-11 16:40:00,2021-10-05 10:09:00,59523,"['open', 'close', 'high', 'low', 'volume']"
trxusd.csv,trx,usd,2018-02-14 11:20:00,2022-10-11 09:26:00,1018372,"['open', 'close', 'high', 'low', 'volume']"
btcgbp.csv,btc,gbp,2018-03-29 14:40:00,2022-10-11 09:30:00,1130666,"['open', 'close', 'high', 'low', 'volume']"
eoseur.csv,eos,eur,2018-03-29 15:38:00,2022-10-11 09:34:00,517149,"['open', 'close', 'high', 'low', 'volume']"
etheur.csv,eth,eur,2018-03-29 15:43:00,2022-10-11 09:33:00,1218324,"['open', 'close', 'high', 'low', 'volume']"
neojpy.csv,neo,jpy,2018-03-29 15:48:00,2022-06-12 08:47:00,47748,"['open', 'close', 'high', 'low', 'volume']"
neoeur.csv,neo,eur,2018-03-29 15:48:00,2022-06-12 08:35:00,124847,"['open', 'close', 'high', 'low', 'volume']"
iotjpy.csv,iot,jpy,2018-03-29 15:51:00,2022-06-12 09:11:00,155043,"['open', 'close', 'high', 'low', 'volume']"
btcjpy.csv,btc,jpy,2018-03-29 15:55:00,2022-10-11 09:25:00,1168792,"['open', 'close', 'high', 'low', 'volume']"
eosgbp.csv,eos,gbp,2018-03-29 16:07:00,2022-06-12 06:20:00,141236,"['open', 'close', 'high', 'low', 'volume']"
ethgbp.csv,eth,gbp,2018-04-04 18:41:00,2022-10-11 09:32:00,727222,"['open', 'close', 'high', 'low', 'volume']"
neogbp.csv,neo,gbp,2018-04-06 04:41:00,2022-06-12 08:55:00,56328,"['open', 'close', 'high', 'low', 'volume']"
iotgbp.csv,iot,gbp,2018-04-06 23:58:00,2022-06-12 09:26:00,119224,"['open', 'close', 'high', 'low', 'volume']"
iosusd.csv,ios,usd,2018-04-07 15:45:00,2021-03-27 02:13:00,19960,"['open', 'close', 'high', 'low', 'volume']"
odeusd.csv,ode,usd,2018-04-07 15:50:00,2022-05-01 11:56:00,44082,"['open', 'close', 'high', 'low', 'volume']"
bftusd.csv,bft,usd,2018-04-07 16:01:00,2022-10-11 05:58:00,303469,"['open', 'close', 'high', 'low', 'volume']"
requsd.csv,req,usd,2018-04-07 16:11:00,2022-10-11 09:29:00,53528,"['open', 'close', 'high', 'low', 'volume']"
daibtc.csv,dai,btc,2018-04-07 17:37:00,2022-10-11 09:17:00,189760,"['open', 'close', 'high', 'low', 'volume']"
lrcbtc.csv,lrc,btc,2018-04-08 09:34:00,2021-04-23 12:03:00,11593,"['open', 'close', 'high', 'low', 'volume']"
daieth.csv,dai,eth,2018-04-08 12:04:00,2022-10-11 09:23:00,177415,"['open', 'close', 'high', 'low', 'volume']"
eosjpy.csv,eos,jpy,2018-04-17 23:46:00,2022-06-12 09:21:00,248611,"['open', 'close', 'high', 'low', 'volume']"
daiusd.csv,dai,usd,2018-04-18 16:19:00,2022-10-11 09:34:00,346019,"['open', 'close', 'high', 'low', 'volume']"
ethjpy.csv,eth,jpy,2018-04-22 03:31:00,2022-10-11 09:33:00,855985,"['open', 'close', 'high', 'low', 'volume']"
waxusd.csv,wax,usd,2018-04-22 20:07:00,2022-10-08 15:19:00,55346,"['open', 'close', 'high', 'low', 'volume']"
mtnusd.csv,mtn,usd,2018-04-22 20:53:00,2021-03-27 06:32:00,21019,"['open', 'close', 'high', 'low', 'volume']"
lrcusd.csv,lrc,usd,2018-04-27 01:24:00,2022-10-11 09:24:00,198142,"['open', 'close', 'high', 'low', 'volume']"
xvgusd.csv,xvg,usd,2018-05-01 11:23:00,2022-10-11 09:29:00,301655,"['open', 'close', 'high', 'low', 'volume']"
xlmusd.csv,xlm,usd,2018-05-01 11:27:00,2022-10-11 09:35:00,717204,"['open', 'close', 'high', 'low', 'volume']"
xlmbtc.csv,xlm,btc,2018-05-01 11:32:00,2022-10-11 09:32:00,405380,"['open', 'close', 'high', 'low', 'volume']"
xlmeth.csv,xlm,eth,2018-05-01 11:39:00,2022-06-12 07:23:00,34043,"['open', 'close', 'high', 'low', 'volume']"
stjusd.csv,stj,usd,2018-05-05 12:50:00,2022-10-11 09:35:00,205038,"['open', 'close', 'high', 'low', 'volume']"
anteth.csv,ant,eth,2018-05-05 17:02:00,2022-10-11 00:28:00,48707,"['open', 'close', 'high', 'low', 'volume']"
antbtc.csv,ant,btc,2018-05-08 19:33:00,2022-10-10 19:50:00,43067,"['open', 'close', 'high', 'low', 'volume']"
antusd.csv,ant,usd,2018-05-09 12:40:00,2022-10-11 07:37:00,88320,"['open', 'close', 'high', 'low', 'volume']"
mkrusd.csv,mkr,usd,2018-05-10 15:21:00,2022-10-11 09:36:00,197423,"['open', 'close', 'high', 'low', 'volume']"
mkrbtc.csv,mkr,btc,2018-05-10 20:30:00,2021-04-23 12:06:00,36190,"['open', 'close', 'high', 'low', 'volume']"
kncbtc.csv,knc,btc,2018-05-11 09:59:00,2022-10-11 09:35:00,93552,"['open', 'close', 'high', 'low', 'volume']"
mkreth.csv,mkr,eth,2018-05-14 13:53:00,2021-04-23 11:18:00,60325,"['open', 'close', 'high', 'low', 'volume']"
poausd.csv,poa,usd,2018-05-18 15:36:00,2021-06-18 15:00:00,11408,"['open', 'close', 'high', 'low', 'volume']"
kncusd.csv,knc,usd,2018-05-23 11:11:00,2022-10-11 09:33:00,131017,"['open', 'close', 'high', 'low', 'volume']"
utkusd.csv,utk,usd,2018-05-31 16:16:00,2022-10-11 09:31:00,157165,"['open', 'close', 'high', 'low', 'volume']"
lymusd.csv,lym,usd,2018-05-31 16:25:00,2022-10-11 08:25:00,95104,"['open', 'close', 'high', 'low', 'volume']"
veeusd.csv,vee,usd,2018-05-31 18:26:00,2022-10-10 14:08:00,20636,"['open', 'close', 'high', 'low', 'volume']"
orsusd.csv,ors,usd,2018-06-14 16:29:00,2022-02-26 09:22:00,8495,"['open', 'close', 'high', 'low', 'volume']"
ncausd.csv,nca,usd,2018-06-28 18:18:00,2021-03-26 20:17:00,3175,"['open', 'close', 'high', 'low', 'volume']"
cndusd.csv,cnd,usd,2018-06-28 18:21:00,2021-03-27 06:08:00,2293,"['open', 'close', 'high', 'low', 'volume']"
ctxusd.csv,ctx,usd,2018-06-28 18:40:00,2021-03-26 19:54:00,12621,"['open', 'close', 'high', 'low', 'volume']"
zcnusd.csv,zcn,usd,2018-06-29 23:01:00,2022-10-11 09:29:00,182511,"['open', 'close', 'high', 'low', 'volume']"
essusd.csv,ess,usd,2018-07-06 10:01:00,2022-06-12 09:28:00,189284,"['open', 'close', 'high', 'low', 'volume']"
hotusd.csv,hot,usd,2018-07-12 14:31:00,2021-03-27 07:22:00,10621,"['open', 'close', 'high', 'low', 'volume']"
iqxusd.csv,iqx,usd,2018-07-13 15:28:00,2022-10-11 09:36:00,304768,"['open', 'close', 'high', 'low', 'volume']"
dtausd.csv,dta,usd,2018-07-14 13:29:00,2021-03-27 00:47:00,4238,"['open', 'close', 'high', 'low', 'volume']"
wprusd.csv,wpr,usd,2018-08-03 10:16:00,2021-03-26 20:39:00,1863,"['open', 'close', 'high', 'low', 'volume']"
zilusd.csv,zil,usd,2018-08-09 05:31:00,2022-10-11 09:28:00,78535,"['open', 'close', 'high', 'low', 'volume']"
bntusd.csv,bnt,usd,2018-08-09 07:16:00,2022-10-10 18:56:00,13503,"['open', 'close', 'high', 'low', 'volume']"
manusd.csv,man,usd,2018-08-09 20:00:00,2021-03-27 06:37:00,6914,"['open', 'close', 'high', 'low', 'volume']"
xrausd.csv,xra,usd,2018-08-17 13:35:00,2022-10-11 09:31:00,142888,"['open', 'close', 'high', 'low', 'volume']"
dgxusd.csv,dgx,usd,2018-08-23 17:08:00,2021-06-18 15:05:00,58208,"['open', 'close', 'high', 'low', 'volume']"
vetusd.csv,vet,usd,2018-08-30 18:05:00,2022-10-11 09:31:00,326857,"['open', 'close', 'high', 'low', 'volume']"
goteur.csv,got,eur,2018-09-06 14:13:00,2022-02-22 01:48:00,14462,"['open', 'close', 'high', 'low', 'volume']"
vetbtc.csv,vet,btc,2018-09-07 10:24:00,2022-10-11 09:37:00,392688,"['open', 'close', 'high', 'low', 'volume']"
xtzbtc.csv,xtz,btc,2018-09-17 16:10:00,2022-10-11 09:16:00,380847,"['open', 'close', 'high', 'low', 'volume']"
gotusd.csv,got,usd,2018-09-18 12:17:00,2022-07-12 09:31:00,99377,"['open', 'close', 'high', 'low', 'volume']"
tknusd.csv,tkn,usd,2018-09-21 12:41:00,2021-03-26 11:18:00,4605,"['open', 'close', 'high', 'low', 'volume']"
boxusd.csv,box,usd,2018-10-03 02:26:00,2021-03-27 06:26:00,3424,"['open', 'close', 'high', 'low', 'volume']"
trxeur.csv,trx,eur,2018-10-04 10:29:00,2022-10-11 09:35:00,355342,"['open', 'close', 'high', 'low', 'volume']"
xtzusd.csv,xtz,usd,2018-10-06 13:24:00,2022-10-11 09:36:00,715279,"['open', 'close', 'high', 'low', 'volume']"
mlnusd.csv,mln,usd,2018-10-18 17:07:00,2022-10-11 09:39:00,180378,"['open', 'close', 'high', 'low', 'volume']"
mgousd.csv,mgo,usd,2018-10-19 17:40:00,2021-03-27 06:54:00,201078,"['open', 'close', 'high', 'low', 'volume']"
yggusd.csv,ygg,usd,2018-10-21 03:06:00,2022-01-30 11:59:00,92711,"['open', 'close', 'high', 'low', 'volume']"
omnbtc.csv,omn,btc,2018-10-30 20:56:00,2021-06-08 05:59:00,14254,"['open', 'close', 'high', 'low', 'volume']"
wtcusd.csv,wtc,usd,2018-10-31 03:17:00,2021-03-27 07:19:00,4449,"['open', 'close', 'high', 'low', 'volume']"
drnusd.csv,drn,usd,2018-11-02 00:56:00,2021-03-26 08:25:00,1864,"['open', 'close', 'high', 'low', 'volume']"
dgbusd.csv,dgb,usd,2018-11-02 15:36:00,2022-10-11 09:39:00,213707,"['open', 'close', 'high', 'low', 'volume']"
pnketh.csv,pnk,eth,2018-11-06 03:35:00,2022-06-12 09:28:00,126026,"['open', 'close', 'high', 'low', 'volume']"
omnusd.csv,omn,usd,2018-11-06 08:18:00,2022-10-05 12:04:00,15479,"['open', 'close', 'high', 'low', 'volume']"
pnkusd.csv,pnk,usd,2018-11-13 18:58:00,2022-10-11 09:35:00,199388,"['open', 'close', 'high', 'low', 'volume']"
enjusd.csv,enj,usd,2018-11-19 13:32:00,2022-10-11 07:57:00,66151,"['open', 'close', 'high', 'low', 'volume']"
rbtbtc.csv,rbt,btc,2018-11-23 16:16:00,2022-10-11 02:14:00,544190,"['open', 'close', 'high', 'low', 'volume']"
bsvbtc.csv,bsv,btc,2018-11-25 13:00:00,2022-10-11 09:28:00,486139,"['open', 'close', 'high', 'low', 'volume']"
eutusd.csv,eut,usd,2018-11-27 15:16:00,2022-10-11 09:38:00,286486,"['open', 'close', 'high', 'low', 'volume']"
bsvusd.csv,bsv,usd,2018-12-01 02:20:00,2022-10-11 09:31:00,715411,"['open', 'close', 'high', 'low', 'volume']"
onlusd.csv,onl,usd,2018-12-04 17:06:00,2021-03-27 07:09:00,9056,"['open', 'close', 'high', 'low', 'volume']"
euteur.csv,eut,eur,2018-12-07 09:41:00,2022-10-11 09:38:00,268972,"['open', 'close', 'high', 'low', 'volume']"
rbtusd.csv,rbt,usd,2018-12-11 13:05:00,2022-10-11 09:38:00,211768,"['open', 'close', 'high', 'low', 'volume']"
ustusd.csv,ust,usd,2018-12-16 09:02:00,2022-10-11 09:41:00,1440486,"['open', 'close', 'high', 'low', 'volume']"
tsdusd.csv,tsd,usd,2018-12-19 05:07:00,2022-10-11 09:39:00,171003,"['open', 'close', 'high', 'low', 'volume']"
paxusd.csv,pax,usd,2018-12-19 20:25:00,2022-10-09 08:58:00,144240,"['open', 'close', 'high', 'low', 'volume']"
udcusd.csv,udc,usd,2018-12-21 23:17:00,2022-10-11 08:25:00,307634,"['open', 'close', 'high', 'low', 'volume', 'Unnamed: 0']"
necusd.csv,nec,usd,2018-12-22 21:51:00,2021-10-05 09:09:00,18114,"['open', 'close', 'high', 'low', 'volume', 'Unnamed: 0']"
neceth.csv,nec,eth,2018-12-23 22:01:00,2021-04-23 14:18:00,10967,"['open', 'close', 'high', 'low', 'volume', 'Unnamed: 0']"
rifusd.csv,rif,usd,2019-01-15 10:09:00,2021-03-26 17:54:00,18118,"['open', 'close', 'high', 'low', 'volume', 'Unnamed: 0']"
pasusd.csv,pas,usd,2019-01-17 13:36:00,2022-10-11 06:44:00,19612,"['open', 'close', 'high', 'low', 'volume', 'Unnamed: 0']"
vsybtc.csv,vsy,btc,2019-01-18 10:29:00,2022-08-10 11:25:00,567989,"['open', 'close', 'high', 'low', 'volume', 'Unnamed: 0']"
vsyusd.csv,vsy,usd,2019-01-18 12:52:00,2022-10-09 22:46:00,607526,"['open', 'close', 'high', 'low', 'volume', 'Unnamed: 0']"
bttusd.csv,btt,usd,2019-02-19 11:38:00,2022-10-11 00:49:00,313828,"['open', 'close', 'high', 'low', 'volume', 'Unnamed: 0']"
ethust.csv,eth,ust,2019-03-11 10:03:00,2022-10-11 09:42:00,1133745,"['open', 'close', 'high', 'low', 'volume', 'Unnamed: 0']"
btcust.csv,btc,ust,2019-03-11 10:05:00,2022-10-11 09:42:00,1250136,"['open', 'close', 'high', 'low', 'volume', 'Unnamed: 0']"
clousd.csv,clo,usd,2019-03-12 11:16:00,2022-10-11 09:42:00,313016,"['open', 'close', 'high', 'low', 'volume', 'Unnamed: 0']"
eosust.csv,eos,ust,2019-04-12 10:02:00,2022-10-11 09:41:00,445310,"['open', 'close', 'high', 'low', 'volume', 'Unnamed: 0']"
ltcust.csv,ltc,ust,2019-04-12 10:04:00,2022-10-11 09:40:00,479322,"['open', 'close', 'high', 'low', 'volume', 'Unnamed: 0']"
gnousd.csv,gno,usd,2019-04-17 13:30:00,2022-10-11 09:42:00,142699,"['open', 'close', 'high', 'low', 'volume', 'Unnamed: 0']"
genusd.csv,gen,usd,2019-04-17 19:47:00,2021-03-27 07:41:00,9337,"['open', 'close', 'high', 'low', 'volume', 'Unnamed: 0']"
atousd.csv,ato,usd,2019-04-25 13:04:00,2022-10-11 09:43:00,485765,"['open', 'close', 'high', 'low', 'volume', 'Unnamed: 0']"
atobtc.csv,ato,btc,2019-04-25 13:26:00,2022-10-11 09:42:00,268703,"['open', 'close', 'high', 'low', 'volume', 'Unnamed: 0']"
atoeth.csv,ato,eth,2019-04-25 14:30:00,2022-10-11 09:41:00,220646,"['open', 'close', 'high', 'low', 'volume', 'Unnamed: 0']"
xchusd.csv,xch,usd,2019-05-02 15:59:00,2022-07-12 09:41:00,149383,"['open', 'close', 'high', 'low', 'volume', 'Unnamed: 0']"
eususd.csv,eus,usd,2019-05-02 16:08:00,2022-10-04 17:07:00,5455,"['open', 'close', 'high', 'low', 'volume', 'Unnamed: 0']"
xcheth.csv,xch,eth,2019-05-02 19:44:00,2021-04-23 13:16:00,6077,"['open', 'close', 'high', 'low', 'volume', 'Unnamed: 0']"
wbteth.csv,wbt,eth,2019-05-03 17:57:00,2021-04-23 14:29:00,3191,"['open', 'close', 'high', 'low', 'volume', 'Unnamed: 0']"
wbtusd.csv,wbt,usd,2019-05-03 18:46:00,2022-10-11 09:43:00,214996,"['open', 'close', 'high', 'low', 'volume', 'Unnamed: 0']"
leobtc.csv,leo,btc,2019-05-20 08:21:00,2022-10-11 09:37:00,265265,"['open', 'close', 'high', 'low', 'volume', 'Unnamed: 0']"
leousd.csv,leo,usd,2019-05-20 08:22:00,2022-10-11 09:43:00,1460267,"['open', 'close', 'high', 'low', 'volume', 'Unnamed: 0']"
leoust.csv,leo,ust,2019-05-20 08:25:00,2022-10-11 09:41:00,509163,"['open', 'close', 'high', 'low', 'volume', 'Unnamed: 0']"
leoeth.csv,leo,eth,2019-05-20 08:25:00,2022-10-11 09:43:00,223437,"['open', 'close', 'high', 'low', 'volume', 'Unnamed: 0']"
leoeos.csv,leo,eos,2019-05-20 08:29:00,2022-05-15 08:54:00,120869,"['open', 'close', 'high', 'low', 'volume', 'Unnamed: 0']"
zbtusd.csv,zbt,usd,2019-05-28 09:38:00,2021-06-14 11:35:00,95394,"['open', 'close', 'high', 'low', 'volume', 'Unnamed: 0']"
astusd.csv,ast,usd,2019-05-28 11:19:00,2021-03-27 00:19:00,1709,"['open', 'close', 'high', 'low', 'volume', 'Unnamed: 0']"
okbusd.csv,okb,usd,2019-06-13 10:35:00,2021-03-27 06:10:00,64235,"['open', 'close', 'high', 'low', 'volume', 'Unnamed: 0']"
gtxust.csv,gtx,ust,2019-06-14 12:31:00,2022-10-11 09:43:00,664225,"['open', 'close', 'high', 'low', 'volume', 'Unnamed: 0']"
gtxusd.csv,gtx,usd,2019-06-14 12:38:00,2022-10-11 09:22:00,579822,"['open', 'close', 'high', 'low', 'volume', 'Unnamed: 0']"
okbust.csv,okb,ust,2019-06-15 14:32:00,2021-03-27 05:51:00,65033,"['open', 'close', 'high', 'low', 'volume', 'Unnamed: 0']"
kanusd.csv,kan,usd,2019-06-18 13:59:00,2022-10-11 00:12:00,193813,"['open', 'close', 'high', 'low', 'volume', 'Unnamed: 0']"
kanust.csv,kan,ust,2019-06-18 14:01:00,2022-10-11 00:12:00,397994,"['open', 'close', 'high', 'low', 'volume', 'Unnamed: 0']"
uskusd.csv,usk,usd,2019-06-18 14:26:00,2021-06-18 11:59:00,261,"['open', 'close', 'high', 'low', 'volume', 'Unnamed: 0']"
algusd.csv,alg,usd,2019-06-21 09:32:00,2022-10-11 09:44:00,557843,"['open', 'close', 'high', 'low', 'volume', 'Unnamed: 0']"
algbtc.csv,alg,btc,2019-06-21 10:51:00,2022-10-11 09:44:00,285738,"['open', 'close', 'high', 'low', 'volume', 'Unnamed: 0']"
algust.csv,alg,ust,2019-06-21 11:08:00,2022-10-11 09:44:00,367904,"['open', 'close', 'high', 'low', 'volume', 'Unnamed: 0']"
swmusd.csv,swm,usd,2019-06-24 18:34:00,2021-03-26 11:31:00,1536,"['open', 'close', 'high', 'low', 'volume', 'Unnamed: 0']"
triusd.csv,tri,usd,2019-06-24 20:28:00,2021-03-26 14:52:00,1753,"['open', 'close', 'high', 'low', 'volume', 'Unnamed: 0']"
btcxch.csv,btc,xch,2019-06-24 21:06:00,2022-05-15 08:37:00,7745,"['open', 'close', 'high', 'low', 'volume', 'Unnamed: 0']"
ampusd.csv,amp,usd,2019-06-27 10:59:00,2022-10-11 09:44:00,484927,"['open', 'close', 'high', 'low', 'volume', 'Unnamed: 0']"
ampust.csv,amp,ust,2019-06-27 10:59:00,2022-10-11 09:46:00,529481,"['open', 'close', 'high', 'low', 'volume', 'Unnamed: 0']"
uosusd.csv,uos,usd,2019-07-17 10:04:00,2022-10-11 09:46:00,509153,"['open', 'close', 'high', 'low', 'volume', 'Unnamed: 0']"
uosbtc.csv,uos,btc,2019-07-17 10:04:00,2022-10-11 09:46:00,495044,"['open', 'close', 'high', 'low', 'volume', 'Unnamed: 0']"
rrbust.csv,rrb,ust,2019-07-29 09:20:00,2021-10-06 16:46:00,62156,"['open', 'close', 'high', 'low', 'volume', 'Unnamed: 0']"
rrbusd.csv,rrb,usd,2019-07-29 09:20:00,2021-10-06 17:30:00,31980,"['open', 'close', 'high', 'low', 'volume', 'Unnamed: 0']"
dtxusd.csv,dtx,usd,2019-08-16 17:33:00,2021-03-26 10:19:00,9233,"['open', 'close', 'high', 'low', 'volume', 'Unnamed: 0']"
ampbtc.csv,amp,btc,2019-08-18 14:58:00,2022-10-11 09:47:00,317628,"['open', 'close', 'high', 'low', 'volume', 'Unnamed: 0']"
fttusd.csv,ftt,usd,2019-08-19 10:06:00,2022-10-11 07:59:00,36280,"['open', 'close', 'high', 'low', 'volume', 'Unnamed: 0']"
fttust.csv,ftt,ust,2019-08-19 10:11:00,2022-10-11 09:46:00,17658,"['open', 'close', 'high', 'low', 'volume', 'Unnamed: 0']"
udcust.csv,udc,ust,2019-08-27 09:42:00,2022-10-11 09:47:00,240070,"['open', 'close', 'high', 'low', 'volume', 'Unnamed: 0']"
tsdust.csv,tsd,ust,2019-08-27 09:44:00,2022-10-11 09:47:00,137868,"['open', 'close', 'high', 'low', 'volume', 'Unnamed: 0']"
paxust.csv,pax,ust,2019-08-27 09:45:00,2022-10-07 09:23:00,70144,"['open', 'close', 'high', 'low', 'volume', 'Unnamed: 0']"
chzusd.csv,chz,usd,2019-11-15 11:17:00,2022-10-11 09:46:00,69750,"['open', 'close', 'high', 'low', 'volume', 'Unnamed: 0']"
chzust.csv,chz,ust,2019-11-15 11:19:00,2022-10-11 09:46:00,51043,"['open', 'close', 'high', 'low', 'volume', 'Unnamed: 0']"
aaabbb.csv,aaa,bbb,2020-06-24 09:43:00,2022-10-11 09:43:00,175405,"['open', 'close', 'high', 'low', 'volume', 'Unnamed: 0']"
dogusd.csv,dog,usd,2020-07-10 08:30:00,2022-06-10 09:53:00,180001,"['open', 'close', 'high', 'low', 'volume', 'Unnamed: 0']"
dogbtc.csv,dog,btc,2020-07-10 08:30:00,2022-06-10 09:53:00,165152,"['open', 'close', 'high', 'low', 'volume', 'Unnamed: 0']"
dogust.csv,dog,ust,2020-07-10 08:31:00,2022-06-10 09:52:00,169395,"['open', 'close', 'high', 'low', 'volume', 'Unnamed: 0']"
adausd.csv,ada,usd,2020-08-06 10:11:00,2022-10-11 09:49:00,691789,"['open', 'close', 'high', 'low', 'volume', 'Unnamed: 0']"
adaust.csv,ada,ust,2020-08-06 10:11:00,2022-10-11 09:50:00,469921,"['open', 'close', 'high', 'low', 'volume', 'Unnamed: 0']"
adabtc.csv,ada,btc,2020-08-06 10:42:00,2022-10-11 09:50:00,344800,"['open', 'close', 'high', 'low', 'volume', 'Unnamed: 0']"
fetusd.csv,fet,usd,2020-08-18 10:01:00,2022-10-11 09:50:00,269197,"['open', 'close', 'high', 'low', 'volume', 'Unnamed: 0']"
fetust.csv,fet,ust,2020-08-18 10:01:00,2022-10-11 09:47:00,244720,"['open', 'close', 'high', 'low', 'volume', 'Unnamed: 0']"
dotusd.csv,dot,usd,2020-08-21 19:22:00,2022-10-11 09:45:00,746681,"['open', 'close', 'high', 'low', 'volume', 'Unnamed: 0']"
dotust.csv,dot,ust,2020-08-21 19:22:00,2022-10-11 09:50:00,538907,"['open', 'close', 'high', 'low', 'volume', 'Unnamed: 0']"
ksmusd.csv,ksm,usd,2020-09-02 09:02:00,2022-10-11 09:50:00,270340,"['open', 'close', 'high', 'low', 'volume', 'Unnamed: 0']"
ksmust.csv,ksm,ust,2020-09-02 09:02:00,2022-10-11 09:48:00,246282,"['open', 'close', 'high', 'low', 'volume', 'Unnamed: 0']"
uniusd.csv,uni,usd,2020-09-19 08:00:00,2022-10-11 09:43:00,537235,"['open', 'close', 'high', 'low', 'volume', 'Unnamed: 0']"
uniust.csv,uni,ust,2020-09-19 08:36:00,2022-10-11 09:43:00,427256,"['open', 'close', 'high', 'low', 'volume', 'Unnamed: 0']"
snxusd.csv,snx,usd,2020-09-26 10:05:00,2022-10-11 09:53:00,291784,"['open', 'close', 'high', 'low', 'volume', 'Unnamed: 0']"
snxust.csv,snx,ust,2020-09-26 10:06:00,2022-10-11 09:53:00,301877,"['open', 'close', 'high', 'low', 'volume', 'Unnamed: 0']"
yfiusd.csv,yfi,usd,2020-10-03 11:37:00,2022-10-11 09:51:00,432985,"['open', 'close', 'high', 'low', 'volume', 'Unnamed: 0']"
yfiust.csv,yfi,ust,2020-10-03 13:29:00,2022-10-11 09:52:00,335978,"['open', 'close', 'high', 'low', 'volume', 'Unnamed: 0']"
balust.csv,bal,ust,2020-10-04 10:08:00,2022-10-11 09:52:00,261064,"['open', 'close', 'high', 'low', 'volume', 'Unnamed: 0']"
balusd.csv,bal,usd,2020-10-04 10:09:00,2022-10-11 09:53:00,277064,"['open', 'close', 'high', 'low', 'volume', 'Unnamed: 0']"
nutust.csv,nut,ust,2020-10-08 10:19:00,2021-04-23 09:27:00,354,"['open', 'close', 'high', 'low', 'volume', 'Unnamed: 0']"
nutusd.csv,nut,usd,2020-10-09 20:48:00,2021-06-18 13:47:00,474,"['open', 'close', 'high', 'low', 'volume', 'Unnamed: 0']"
filusd.csv,fil,usd,2020-10-15 18:34:00,2022-10-11 09:54:00,356992,"['open', 'close', 'high', 'low', 'volume', 'Unnamed: 0']"
filust.csv,fil,ust,2020-10-15 18:54:00,2022-10-11 09:54:00,301956,"['open', 'close', 'high', 'low', 'volume', 'Unnamed: 0']"
jstusd.csv,jst,usd,2020-10-31 09:08:00,2022-10-11 09:51:00,439795,"['open', 'close', 'high', 'low', 'volume', 'Unnamed: 0']"
jstust.csv,jst,ust,2020-10-31 09:08:00,2022-10-11 09:54:00,440123,"['open', 'close', 'high', 'low', 'volume', 'Unnamed: 0']"
jstbtc.csv,jst,btc,2020-10-31 09:15:00,2022-10-11 09:54:00,323898,"['open', 'close', 'high', 'low', 'volume', 'Unnamed: 0']"
iqxust.csv,iqx,ust,2020-11-04 20:47:00,2022-08-10 11:25:00,197428,"['open', 'close', 'high', 'low', 'volume', 'Unnamed: 0']"
hezusd.csv,hez,usd,2020-11-13 12:06:00,2022-01-30 14:06:00,56404,"['open', 'close', 'high', 'low', 'volume', 'Unnamed: 0']"
hezust.csv,hez,ust,2020-11-13 12:34:00,2022-01-30 14:06:00,53490,"['open', 'close', 'high', 'low', 'volume', 'Unnamed: 0']"
xdcusd.csv,xdc,usd,2020-11-19 11:11:00,2022-10-11 00:00:00,213040,"['open', 'close', 'high', 'low', 'volume', 'Unnamed: 0']"
xdcust.csv,xdc,ust,2020-11-19 11:19:00,2022-10-11 09:01:00,164165,"['open', 'close', 'high', 'low', 'volume', 'Unnamed: 0']"
pluusd.csv,plu,usd,2020-12-02 12:11:00,2022-10-11 09:54:00,308697,"['open', 'close', 'high', 'low', 'volume', 'Unnamed: 0']"
sunusd.csv,sun,usd,2020-12-10 10:17:00,2022-10-11 09:51:00,432950,"['open', 'close', 'high', 'low', 'volume', 'Unnamed: 0']"
sunust.csv,sun,ust,2020-12-10 11:17:00,2022-10-11 09:50:00,408638,"['open', 'close', 'high', 'low', 'volume', 'Unnamed: 0']"
xrpust.csv,xrp,ust,2020-12-18 09:53:00,2022-10-11 09:55:00,349369,"['open', 'close', 'high', 'low', 'volume', 'Unnamed: 0']"
eutust.csv,eut,ust,2020-12-18 09:57:00,2022-10-11 09:55:00,311729,"['open', 'close', 'high', 'low', 'volume', 'Unnamed: 0']"
xmrust.csv,xmr,ust,2020-12-18 10:16:00,2022-10-11 09:50:00,222265,"['open', 'close', 'high', 'low', 'volume', 'Unnamed: 0']"
uopust.csv,uop,ust,2020-12-18 12:03:00,2022-05-01 09:38:00,58602,"['open', 'close', 'high', 'low', 'volume', 'Unnamed: 0']"
uopusd.csv,uop,usd,2020-12-18 12:03:00,2022-05-01 16:38:00,66179,"['open', 'close', 'high', 'low', 'volume', 'Unnamed: 0']"
dotbtc.csv,dot,btc,2021-01-19 10:50:00,2022-10-11 09:50:00,297917,"['open', 'close', 'high', 'low', 'volume', 'Unnamed: 0']"
xsnusd.csv,xsn,usd,2021-01-19 12:03:00,2022-05-01 17:07:00,187605,"['open', 'close', 'high', 'low', 'volume', 'Unnamed: 0']"
xlmust.csv,xlm,ust,2021-02-03 10:20:00,2022-10-11 09:55:00,279180,"['open', 'close', 'high', 'low', 'volume', 'Unnamed: 0']"
eusbtc.csv,eus,btc,2021-02-15 11:19:00,2021-06-08 05:38:00,1051,"['open', 'close', 'high', 'low', 'volume', 'Unnamed: 0']"
ctkusd.csv,ctk,usd,2021-02-21 09:08:00,2022-08-10 09:40:00,233353,"['open', 'close', 'high', 'low', 'volume', 'Unnamed: 0']"
ctkust.csv,ctk,ust,2021-02-21 09:14:00,2022-08-10 06:15:00,244962,"['open', 'close', 'high', 'low', 'volume', 'Unnamed: 0']"
solusd.csv,sol,usd,2021-02-25 09:40:00,2022-10-11 09:55:00,557382,"['open', 'close', 'high', 'low', 'volume', 'Unnamed: 0']"
solust.csv,sol,ust,2021-02-25 11:10:00,2022-10-11 09:53:00,444499,"['open', 'close', 'high', 'low', 'volume', 'Unnamed: 0']"
zilbtc.csv,zil,btc,2021-03-16 13:21:00,2022-10-11 06:22:00,9853,"['open', 'close', 'high', 'low', 'volume', 'Unnamed: 0']"
celusd.csv,cel,usd,2021-03-25 12:00:00,2022-10-11 09:22:00,207761,"['open', 'close', 'high', 'low', 'volume', 'Unnamed: 0']"
celust.csv,cel,ust,2021-03-25 12:01:00,2022-10-11 09:34:00,202039,"['open', 'close', 'high', 'low', 'volume', 'Unnamed: 0']"
mobusd.csv,mob,usd,2021-04-02 09:03:00,2022-10-11 09:55:00,188418,"['open', 'close', 'high', 'low', 'volume', 'Unnamed: 0']"
mobust.csv,mob,ust,2021-04-02 09:19:00,2022-10-11 09:55:00,194075,"['open', 'close', 'high', 'low', 'volume', 'Unnamed: 0']"
bmiusd.csv,bmi,usd,2021-04-02 12:50:00,2022-10-10 15:38:00,19653,"['open', 'close', 'high', 'low', 'volume', 'Unnamed: 0']"
bmiust.csv,bmi,ust,2021-04-02 15:45:00,2022-08-09 19:24:00,11209,"['open', 'close', 'high', 'low', 'volume', 'Unnamed: 0']"
iceusd.csv,ice,usd,2021-04-22 11:00:00,2022-10-11 10:00:00,227020,"['open', 'close', 'high', 'low', 'volume', 'Unnamed: 0']"
oxyusd.csv,oxy,usd,2021-05-07 09:00:00,2022-10-11 09:58:00,187934,"['open', 'close', 'high', 'low', 'volume', 'Unnamed: 0']"
oxyust.csv,oxy,ust,2021-05-07 09:00:00,2022-10-11 09:44:00,191512,"['open', 'close', 'high', 'low', 'volume', 'Unnamed: 0']"
idxust.csv,idx,ust,2021-05-18 09:48:00,2022-10-11 08:47:00,205037,"['open', 'close', 'high', 'low', 'volume', 'Unnamed: 0']"
idxusd.csv,idx,usd,2021-05-18 09:49:00,2022-10-11 09:21:00,211323,"['open', 'close', 'high', 'low', 'volume', 'Unnamed: 0']"
qtfusd.csv,qtf,usd,2021-05-26 13:26:00,2022-10-11 00:08:00,35516,"['open', 'close', 'high', 'low', 'volume', 'Unnamed: 0']"
qtfbtc.csv,qtf,btc,2021-05-26 13:27:00,2022-10-11 00:08:00,31313,"['open', 'close', 'high', 'low', 'volume', 'Unnamed: 0']"
dapp-ust.csv,dapp,ust,2021-06-17 15:17:00,2021-06-17 15:18:00,2,"['open', 'close', 'high', 'low', 'volume', 'Unnamed: 0']"
ftmusd.csv,ftm,usd,2021-06-23 11:04:00,2022-10-11 09:52:00,277382,"['open', 'close', 'high', 'low', 'volume', 'Unnamed: 0']"
ftmust.csv,ftm,ust,2021-06-23 11:07:00,2022-10-11 09:49:00,257384,"['open', 'close', 'high', 'low', 'volume', 'Unnamed: 0']"
icpust.csv,icp,ust,2021-07-12 10:05:00,2022-10-11 10:03:00,215417,"['open', 'close', 'high', 'low', 'volume', 'Unnamed: 0']"
icpusd.csv,icp,usd,2021-07-12 10:10:00,2022-10-11 10:04:00,214873,"['open', 'close', 'high', 'low', 'volume', 'Unnamed: 0']"
icpbtc.csv,icp,btc,2021-07-12 10:16:00,2022-10-11 10:04:00,182959,"['open', 'close', 'high', 'low', 'volume', 'Unnamed: 0']"
fclust.csv,fcl,ust,2021-07-14 12:00:00,2022-10-10 20:23:00,172399,"['open', 'close', 'high', 'low', 'volume', 'Unnamed: 0']"
fclusd.csv,fcl,usd,2021-07-14 12:04:00,2022-10-11 02:54:00,175968,"['open', 'close', 'high', 'low', 'volume', 'Unnamed: 0']"
mirusd.csv,mir,usd,2021-07-19 09:07:00,2022-10-11 07:19:00,110854,"['open', 'close', 'high', 'low', 'volume', 'Unnamed: 0']"
mirust.csv,mir,ust,2021-07-19 09:21:00,2022-10-11 07:33:00,111739,"['open', 'close', 'high', 'low', 'volume', 'Unnamed: 0']"
grtusd.csv,grt,usd,2021-07-21 12:00:00,2022-10-11 03:53:00,63889,"['open', 'close', 'high', 'low', 'volume', 'Unnamed: 0']"
grtust.csv,grt,ust,2021-07-21 12:01:00,2022-10-11 08:25:00,64076,"['open', 'close', 'high', 'low', 'volume', 'Unnamed: 0']"
btceut.csv,btc,eut,2021-07-29 10:19:00,2022-10-11 10:06:00,307516,"['open', 'close', 'high', 'low', 'volume', 'Unnamed: 0']"
dcrusd.csv,dcr,usd,2021-08-05 09:18:00,2022-02-27 01:07:00,1317,"['open', 'close', 'high', 'low', 'volume', 'Unnamed: 0']"
doge-ust.csv,doge,ust,2021-08-10 19:18:00,2021-08-29 13:18:00,14603,"['open', 'close', 'high', 'low', 'volume', 'Unnamed: 0']"
boson-ust.csv,boson,ust,2021-08-10 19:18:00,2021-08-29 13:18:00,7945,"['open', 'close', 'high', 'low', 'volume', 'Unnamed: 0']"
dotf0-ustf0.csv,dotf0,ustf0,2021-08-10 19:18:00,2021-08-29 13:17:00,24035,"['open', 'close', 'high', 'low', 'volume', 'Unnamed: 0']"
doge-usd.csv,doge,usd,2021-08-10 19:18:00,2021-08-29 13:18:00,25726,"['open', 'close', 'high', 'low', 'volume', 'Unnamed: 0']"
xaut-btc.csv,xaut,btc,2021-08-10 19:18:00,2021-08-29 13:18:00,3948,"['open', 'close', 'high', 'low', 'volume', 'Unnamed: 0']"
luna-usd.csv,luna,usd,2021-08-10 19:18:00,2021-08-29 13:16:00,19932,"['open', 'close', 'high', 'low', 'volume', 'Unnamed: 0']"
luna-ust.csv,luna,ust,2021-08-10 19:18:00,2021-08-29 13:18:00,18641,"['open', 'close', 'high', 'low', 'volume', 'Unnamed: 0']"
boson-usd.csv,boson,usd,2021-08-10 19:18:00,2021-08-29 13:18:00,8753,"['open', 'close', 'high', 'low', 'volume', 'Unnamed: 0']"
sushi-usd.csv,sushi,usd,2021-08-10 19:18:00,2021-08-29 13:18:00,19192,"['open', 'close', 'high', 'low', 'volume', 'Unnamed: 0']"
btcf0-ustf0.csv,btcf0,ustf0,2021-08-10 19:18:00,2021-08-29 13:17:00,19879,"['open', 'close', 'high', 'low', 'volume', 'Unnamed: 0']"
avax-usd.csv,avax,usd,2021-08-10 19:18:00,2021-08-29 13:16:00,9445,"['open', 'close', 'high', 'low', 'volume', 'Unnamed: 0']"
1inch-ust.csv,1inch,ust,2021-08-10 19:18:00,2021-08-29 13:16:00,6682,"['open', 'close', 'high', 'low', 'volume', 'Unnamed: 0']"
btse-usd.csv,btse,usd,2021-08-10 19:18:00,2021-08-29 13:18:00,5531,"['open', 'close', 'high', 'low', 'volume', 'Unnamed: 0']"
band-usd.csv,band,usd,2021-08-10 19:18:00,2021-08-29 13:11:00,6063,"['open', 'close', 'high', 'low', 'volume', 'Unnamed: 0']"
solf0-ustf0.csv,solf0,ustf0,2021-08-10 19:18:00,2021-08-29 13:18:00,8900,"['open', 'close', 'high', 'low', 'volume', 'Unnamed: 0']"
unif0-ustf0.csv,unif0,ustf0,2021-08-10 19:18:00,2021-08-29 13:12:00,7114,"['open', 'close', 'high', 'low', 'volume', 'Unnamed: 0']"
sushi-ust.csv,sushi,ust,2021-08-10 19:18:00,2021-08-29 13:16:00,18018,"['open', 'close', 'high', 'low', 'volume', 'Unnamed: 0']"
nexo-ust.csv,nexo,ust,2021-08-10 19:18:00,2021-08-29 13:16:00,7186,"['open', 'close', 'high', 'low', 'volume', 'Unnamed: 0']"
reef-ust.csv,reef,ust,2021-08-10 19:18:00,2021-08-29 13:17:00,22128,"['open', 'close', 'high', 'low', 'volume', 'Unnamed: 0']"
reef-usd.csv,reef,usd,2021-08-10 19:18:00,2021-08-29 13:17:00,14576,"['open', 'close', 'high', 'low', 'volume', 'Unnamed: 0']"
egld-ust.csv,egld,ust,2021-08-10 19:18:00,2021-08-29 13:15:00,4641,"['open', 'close', 'high', 'low', 'volume', 'Unnamed: 0']"
egld-usd.csv,egld,usd,2021-08-10 19:18:00,2021-08-29 13:14:00,6820,"['open', 'close', 'high', 'low', 'volume', 'Unnamed: 0']"
xlmf0-ustf0.csv,xlmf0,ustf0,2021-08-10 19:18:00,2021-08-29 13:12:00,8893,"['open', 'close', 'high', 'low', 'volume', 'Unnamed: 0']"
adaf0-ustf0.csv,adaf0,ustf0,2021-08-10 19:18:00,2021-08-29 13:11:00,13620,"['open', 'close', 'high', 'low', 'volume', 'Unnamed: 0']"
linkf0-ustf0.csv,linkf0,ustf0,2021-08-10 19:19:00,2021-08-29 13:14:00,12693,"['open', 'close', 'high', 'low', 'volume', 'Unnamed: 0']"
comp-usd.csv,comp,usd,2021-08-10 19:19:00,2021-08-29 13:15:00,9552,"['open', 'close', 'high', 'low', 'volume', 'Unnamed: 0']"
link-ust.csv,link,ust,2021-08-10 19:19:00,2021-08-29 13:16:00,5631,"['open', 'close', 'high', 'low', 'volume', 'Unnamed: 0']"
ltcf0-btcf0.csv,ltcf0,btcf0,2021-08-10 19:19:00,2021-08-29 13:10:00,3893,"['open', 'close', 'high', 'low', 'volume', 'Unnamed: 0']"
exrd-usd.csv,exrd,usd,2021-08-10 19:19:00,2021-08-14 21:52:00,1516,"['open', 'close', 'high', 'low', 'volume', 'Unnamed: 0']"
dogef0-ustf0.csv,dogef0,ustf0,2021-08-10 19:19:00,2021-08-29 13:18:00,15695,"['open', 'close', 'high', 'low', 'volume', 'Unnamed: 0']"
ethf0-ustf0.csv,ethf0,ustf0,2021-08-10 19:19:00,2021-08-29 13:16:00,17877,"['open', 'close', 'high', 'low', 'volume', 'Unnamed: 0']"
ethf0-btcf0.csv,ethf0,btcf0,2021-08-10 19:19:00,2021-08-29 13:15:00,7355,"['open', 'close', 'high', 'low', 'volume', 'Unnamed: 0']"
band-ust.csv,band,ust,2021-08-10 19:19:00,2021-08-29 13:10:00,5128,"['open', 'close', 'high', 'low', 'volume', 'Unnamed: 0']"
waves-usd.csv,waves,usd,2021-08-10 19:19:00,2021-08-29 13:18:00,7024,"['open', 'close', 'high', 'low', 'volume', 'Unnamed: 0']"
nexo-usd.csv,nexo,usd,2021-08-10 19:19:00,2021-08-29 13:12:00,5205,"['open', 'close', 'high', 'low', 'volume', 'Unnamed: 0']"
aave-ust.csv,aave,ust,2021-08-10 19:20:00,2021-08-29 13:11:00,5630,"['open', 'close', 'high', 'low', 'volume', 'Unnamed: 0']"
waves-ust.csv,waves,ust,2021-08-10 19:20:00,2021-08-29 13:14:00,6371,"['open', 'close', 'high', 'low', 'volume', 'Unnamed: 0']"
eurf0-ustf0.csv,eurf0,ustf0,2021-08-10 19:20:00,2021-08-29 13:09:00,5631,"['open', 'close', 'high', 'low', 'volume', 'Unnamed: 0']"
eosf0-ustf0.csv,eosf0,ustf0,2021-08-10 19:20:00,2021-08-29 13:18:00,15953,"['open', 'close', 'high', 'low', 'volume', 'Unnamed: 0']"
ampf0-ustf0.csv,ampf0,ustf0,2021-08-10 19:20:00,2021-08-29 13:14:00,8087,"['open', 'close', 'high', 'low', 'volume', 'Unnamed: 0']"
b21x-ust.csv,b21x,ust,2021-08-10 19:20:00,2021-08-29 13:15:00,5544,"['open', 'close', 'high', 'low', 'volume', 'Unnamed: 0']"
testbtcf0-testusdtf0.csv,testbtcf0,testusdtf0,2021-08-10 19:20:00,2021-08-29 13:15:00,7805,"['open', 'close', 'high', 'low', 'volume', 'Unnamed: 0']"
nexo-btc.csv,nexo,btc,2021-08-10 19:20:00,2021-08-29 13:16:00,8279,"['open', 'close', 'high', 'low', 'volume', 'Unnamed: 0']"
avax-ust.csv,avax,ust,2021-08-10 19:20:00,2021-08-29 13:16:00,7762,"['open', 'close', 'high', 'low', 'volume', 'Unnamed: 0']"
xaut-ust.csv,xaut,ust,2021-08-10 19:20:00,2021-08-29 13:17:00,3523,"['open', 'close', 'high', 'low', 'volume', 'Unnamed: 0']"
velo-ust.csv,velo,ust,2021-08-10 19:20:00,2021-08-29 11:53:00,8668,"['open', 'close', 'high', 'low', 'volume', 'Unnamed: 0']"
bchn-usd.csv,bchn,usd,2021-08-10 19:20:00,2021-08-29 13:16:00,5305,"['open', 'close', 'high', 'low', 'volume', 'Unnamed: 0']"
gbpf0-ustf0.csv,gbpf0,ustf0,2021-08-10 19:20:00,2021-08-29 13:11:00,5415,"['open', 'close', 'high', 'low', 'volume', 'Unnamed: 0']"
xagf0-ustf0.csv,xagf0,ustf0,2021-08-10 19:21:00,2021-08-29 13:11:00,5199,"['open', 'close', 'high', 'low', 'volume', 'Unnamed: 0']"
link-usd.csv,link,usd,2021-08-10 19:21:00,2021-08-29 13:16:00,9982,"['open', 'close', 'high', 'low', 'volume', 'Unnamed: 0']"
btcdomf0-ustf0.csv,btcdomf0,ustf0,2021-08-10 19:21:00,2021-08-29 13:14:00,6744,"['open', 'close', 'high', 'low', 'volume', 'Unnamed: 0']"
aave-usd.csv,aave,usd,2021-08-10 19:21:00,2021-08-29 13:15:00,6832,"['open', 'close', 'high', 'low', 'volume', 'Unnamed: 0']"
xautf0-ustf0.csv,xautf0,ustf0,2021-08-10 19:21:00,2021-08-29 13:15:00,6854,"['open', 'close', 'high', 'low', 'volume', 'Unnamed: 0']"
testbtc-testusdt.csv,testbtc,testusdt,2021-08-10 19:21:00,2021-08-29 13:17:00,3436,"['open', 'close', 'high', 'low', 'volume', 'Unnamed: 0']"
comp-ust.csv,comp,ust,2021-08-10 19:21:00,2021-08-29 13:13:00,4754,"['open', 'close', 'high', 'low', 'volume', 'Unnamed: 0']"
ltcf0-ustf0.csv,ltcf0,ustf0,2021-08-10 19:21:00,2021-08-29 13:18:00,12128,"['open', 'close', 'high', 'low', 'volume', 'Unnamed: 0']"
testbtc-testusd.csv,testbtc,testusd,2021-08-10 19:22:00,2021-08-29 13:17:00,5798,"['open', 'close', 'high', 'low', 'volume', 'Unnamed: 0']"
xautf0-btcf0.csv,xautf0,btcf0,2021-08-10 19:22:00,2021-08-29 13:18:00,6690,"['open', 'close', 'high', 'low', 'volume', 'Unnamed: 0']"
ust-cnht.csv,ust,cnht,2021-08-10 19:22:00,2021-08-29 13:16:00,3417,"['open', 'close', 'high', 'low', 'volume', 'Unnamed: 0']"
jpyf0-ustf0.csv,jpyf0,ustf0,2021-08-10 19:22:00,2021-08-29 13:14:00,6112,"['open', 'close', 'high', 'low', 'volume', 'Unnamed: 0']"
btc-cnht.csv,btc,cnht,2021-08-10 19:22:00,2021-08-29 13:18:00,3399,"['open', 'close', 'high', 'low', 'volume', 'Unnamed: 0']"
near-usd.csv,near,usd,2021-08-10 19:22:00,2021-08-29 13:14:00,11028,"['open', 'close', 'high', 'low', 'volume', 'Unnamed: 0']"
near-ust.csv,near,ust,2021-08-10 19:22:00,2021-08-29 13:16:00,10415,"['open', 'close', 'high', 'low', 'volume', 'Unnamed: 0']"
exrd-btc.csv,exrd,btc,2021-08-10 19:22:00,2021-08-14 21:45:00,1325,"['open', 'close', 'high', 'low', 'volume', 'Unnamed: 0']"
b21x-usd.csv,b21x,usd,2021-08-10 19:23:00,2021-08-29 13:12:00,5562,"['open', 'close', 'high', 'low', 'volume', 'Unnamed: 0']"
ocean-usd.csv,ocean,usd,2021-08-10 19:23:00,2021-08-29 13:12:00,9042,"['open', 'close', 'high', 'low', 'volume', 'Unnamed: 0']"
xaut-usd.csv,xaut,usd,2021-08-10 19:23:00,2021-08-29 13:16:00,3912,"['open', 'close', 'high', 'low', 'volume', 'Unnamed: 0']"
dotf0-btcf0.csv,dotf0,btcf0,2021-08-10 19:24:00,2021-08-29 13:11:00,4972,"['open', 'close', 'high', 'low', 'volume', 'Unnamed: 0']"
ocean-ust.csv,ocean,ust,2021-08-10 19:24:00,2021-08-29 13:14:00,8578,"['open', 'close', 'high', 'low', 'volume', 'Unnamed: 0']"
iotf0-ustf0.csv,iotf0,ustf0,2021-08-10 19:26:00,2021-08-29 13:10:00,5504,"['open', 'close', 'high', 'low', 'volume', 'Unnamed: 0']"
1inch-usd.csv,1inch,usd,2021-08-10 19:27:00,2021-08-29 13:14:00,7140,"['open', 'close', 'high', 'low', 'volume', 'Unnamed: 0']"
cnh-cnht.csv,cnh,cnht,2021-08-10 19:35:00,2021-08-29 13:09:00,1149,"['open', 'close', 'high', 'low', 'volume', 'Unnamed: 0']"
chex-usd.csv,chex,usd,2021-08-10 19:45:00,2021-08-29 08:46:00,381,"['open', 'close', 'high', 'low', 'volume', 'Unnamed: 0']"
eth2x-eth.csv,eth2x,eth,2021-08-10 19:53:00,2021-08-28 10:17:00,83,"['open', 'close', 'high', 'low', 'volume', 'Unnamed: 0']"
planets-usd.csv,planets,usd,2021-08-10 19:59:00,2021-08-29 12:33:00,629,"['open', 'close', 'high', 'low', 'volume', 'Unnamed: 0']"
planets-ust.csv,planets,ust,2021-08-10 20:08:00,2021-08-29 13:14:00,1189,"['open', 'close', 'high', 'low', 'volume', 'Unnamed: 0']"
albt-ust.csv,albt,ust,2021-08-10 20:10:00,2021-08-29 12:06:00,1639,"['open', 'close', 'high', 'low', 'volume', 'Unnamed: 0']"
dusk-usd.csv,dusk,usd,2021-08-10 20:19:00,2021-08-29 13:07:00,1035,"['open', 'close', 'high', 'low', 'volume', 'Unnamed: 0']"
dusk-btc.csv,dusk,btc,2021-08-10 20:19:00,2021-08-29 12:00:00,544,"['open', 'close', 'high', 'low', 'volume', 'Unnamed: 0']"
ringx-usd.csv,ringx,usd,2021-08-10 20:30:00,2021-08-28 19:01:00,201,"['open', 'close', 'high', 'low', 'volume', 'Unnamed: 0']"
terraust-ust.csv,terraust,ust,2021-08-10 21:06:00,2021-08-29 12:16:00,805,"['open', 'close', 'high', 'low', 'volume', 'Unnamed: 0']"
forth-usd.csv,forth,usd,2021-08-11 01:14:00,2021-08-29 10:44:00,520,"['open', 'close', 'high', 'low', 'volume', 'Unnamed: 0']"
eosdt-usd.csv,eosdt,usd,2021-08-11 01:14:00,2021-08-29 12:46:00,147,"['open', 'close', 'high', 'low', 'volume', 'Unnamed: 0']"
velo-usd.csv,velo,usd,2021-08-11 01:28:00,2021-08-28 21:21:00,493,"['open', 'close', 'high', 'low', 'volume', 'Unnamed: 0']"
terraust-usd.csv,terraust,usd,2021-08-11 01:28:00,2021-08-29 06:01:00,718,"['open', 'close', 'high', 'low', 'volume', 'Unnamed: 0']"
suku-usd.csv,suku,usd,2021-08-11 01:30:00,2021-08-29 13:18:00,794,"['open', 'close', 'high', 'low', 'volume', 'Unnamed: 0']"
suku-ust.csv,suku,ust,2021-08-11 01:39:00,2021-08-29 12:38:00,740,"['open', 'close', 'high', 'low', 'volume', 'Unnamed: 0']"
forth-ust.csv,forth,ust,2021-08-11 02:01:00,2021-08-29 10:46:00,499,"['open', 'close', 'high', 'low', 'volume', 'Unnamed: 0']"
eth2x-usd.csv,eth2x,usd,2021-08-11 05:37:00,2021-08-28 10:17:00,54,"['open', 'close', 'high', 'low', 'volume', 'Unnamed: 0']"
eosdt-ust.csv,eosdt,ust,2021-08-11 06:34:00,2021-08-29 12:47:00,65,"['open', 'close', 'high', 'low', 'volume', 'Unnamed: 0']"
europe50ixf0-ustf0.csv,europe50ixf0,ustf0,2021-08-11 07:00:00,2021-08-27 15:34:00,1831,"['open', 'close', 'high', 'low', 'volume', 'Unnamed: 0']"
germany30ixf0-ustf0.csv,germany30ixf0,ustf0,2021-08-11 07:00:00,2021-08-27 15:33:00,1825,"['open', 'close', 'high', 'low', 'volume', 'Unnamed: 0']"
best-usd.csv,best,usd,2021-08-11 08:19:00,2021-08-24 16:32:00,156,"['open', 'close', 'high', 'low', 'volume', 'Unnamed: 0']"
luna-btc.csv,luna,btc,2021-08-11 09:09:00,2021-08-29 13:16:00,14869,"['open', 'close', 'high', 'low', 'volume', 'Unnamed: 0']"
eth2x-ust.csv,eth2x,ust,2021-08-12 14:27:00,2021-08-28 09:47:00,26,"['open', 'close', 'high', 'low', 'volume', 'Unnamed: 0']"
albt-usd.csv,albt,usd,2021-08-15 16:08:00,2021-08-29 11:54:00,185,"['open', 'close', 'high', 'low', 'volume', 'Unnamed: 0']"
bchabc-usd.csv,bchabc,usd,2021-08-18 10:15:00,2021-08-29 13:17:00,1336,"['open', 'close', 'high', 'low', 'volume', 'Unnamed: 0']"
xrdbtc.csv,xrd,btc,2021-08-23 12:47:00,2022-10-11 10:07:00,181482,"['open', 'close', 'high', 'low', 'volume', 'Unnamed: 0']"
xrdusd.csv,xrd,usd,2021-08-23 12:49:00,2022-10-11 10:07:00,184895,"['open', 'close', 'high', 'low', 'volume', 'Unnamed: 0']"
chsb-usd.csv,chsb,usd,2021-08-24 09:04:00,2021-08-29 12:54:00,251,"['open', 'close', 'high', 'low', 'volume', 'Unnamed: 0']"
chsb-btc.csv,chsb,btc,2021-08-24 09:06:00,2021-08-29 12:55:00,193,"['open', 'close', 'high', 'low', 'volume', 'Unnamed: 0']"
chsb-ust.csv,chsb,ust,2021-08-24 09:26:00,2021-08-29 11:07:00,141,"['open', 'close', 'high', 'low', 'volume', 'Unnamed: 0']"
lunaf0-ustf0.csv,lunaf0,ustf0,2021-08-26 15:05:00,2021-08-29 13:13:00,2471,"['open', 'close', 'high', 'low', 'volume', 'Unnamed: 0']"
sushif0-ustf0.csv,sushif0,ustf0,2021-08-26 15:06:00,2021-08-29 13:14:00,1257,"['open', 'close', 'high', 'low', 'volume', 'Unnamed: 0']"
atoust.csv,ato,ust,2021-09-14 11:07:00,2022-10-11 09:52:00,192724,"['open', 'close', 'high', 'low', 'volume', 'Unnamed: 0']"
xtzust.csv,xtz,ust,2021-09-14 11:11:00,2022-10-11 10:05:00,185334,"['open', 'close', 'high', 'low', 'volume', 'Unnamed: 0']"
etcust.csv,etc,ust,2021-09-14 11:11:00,2022-10-11 10:08:00,162017,"['open', 'close', 'high', 'low', 'volume', 'Unnamed: 0']"
trxust.csv,trx,ust,2021-09-14 11:13:00,2022-10-11 09:58:00,267190,"['open', 'close', 'high', 'low', 'volume', 'Unnamed: 0']"
neoust.csv,neo,ust,2021-09-14 11:14:00,2022-10-11 10:05:00,158201,"['open', 'close', 'high', 'low', 'volume', 'Unnamed: 0']"
vetust.csv,vet,ust,2021-09-14 11:47:00,2022-10-11 10:04:00,167686,"['open', 'close', 'high', 'low', 'volume', 'Unnamed: 0']"
batust.csv,bat,ust,2021-09-14 13:02:00,2022-10-11 10:06:00,170262,"['open', 'close', 'high', 'low', 'volume', 'Unnamed: 0']"
etheut.csv,eth,eut,2021-09-16 10:56:00,2022-10-11 10:09:00,402197,"['open', 'close', 'high', 'low', 'volume', 'Unnamed: 0']"
eurust.csv,eur,ust,2021-09-16 11:01:00,2022-10-11 10:10:00,356585,"['open', 'close', 'high', 'low', 'volume', 'Unnamed: 0']"
hmtust.csv,hmt,ust,2021-09-21 09:02:00,2022-10-11 10:09:00,53144,"['open', 'close', 'high', 'low', 'volume', 'Unnamed: 0']"
axsusd.csv,axs,usd,2021-09-21 09:05:00,2022-10-11 09:54:00,177249,"['open', 'close', 'high', 'low', 'volume', 'Unnamed: 0']"
axsust.csv,axs,ust,2021-09-21 09:06:00,2022-10-11 10:07:00,158427,"['open', 'close', 'high', 'low', 'volume', 'Unnamed: 0']"
hmtusd.csv,hmt,usd,2021-09-21 09:07:00,2022-10-11 10:09:00,52721,"['open', 'close', 'high', 'low', 'volume', 'Unnamed: 0']"
solbtc.csv,sol,btc,2021-10-04 11:50:00,2022-10-11 09:56:00,157189,"['open', 'close', 'high', 'low', 'volume', 'Unnamed: 0']"
ancusd.csv,anc,usd,2021-10-22 09:01:00,2022-10-11 10:09:00,174447,"['open', 'close', 'high', 'low', 'volume', 'Unnamed: 0']"
ancust.csv,anc,ust,2021-10-22 09:52:00,2022-10-11 10:07:00,170396,"['open', 'close', 'high', 'low', 'volume', 'Unnamed: 0']"
aixust.csv,aix,ust,2021-10-28 09:02:00,2022-10-11 10:12:00,119008,"['open', 'close', 'high', 'low', 'volume', 'Unnamed: 0']"
aixusd.csv,aix,usd,2021-10-28 09:05:00,2022-10-11 10:12:00,122205,"['open', 'close', 'high', 'low', 'volume', 'Unnamed: 0']"
mimusd.csv,mim,usd,2021-10-28 09:09:00,2022-10-11 10:13:00,143560,"['open', 'close', 'high', 'low', 'volume', 'Unnamed: 0']"
btcmim.csv,btc,mim,2021-10-28 09:15:00,2022-10-11 10:05:00,109298,"['open', 'close', 'high', 'low', 'volume', 'Unnamed: 0']"
mimust.csv,mim,ust,2021-10-28 09:15:00,2022-10-11 10:12:00,145415,"['open', 'close', 'high', 'low', 'volume', 'Unnamed: 0']"
mkrust.csv,mkr,ust,2021-11-09 21:17:00,2022-10-11 10:13:00,136648,"['open', 'close', 'high', 'low', 'volume', 'Unnamed: 0']"
srmusd.csv,srm,usd,2021-12-01 10:09:00,2022-10-11 08:53:00,25290,"['open', 'close', 'high', 'low', 'volume', 'Unnamed: 0']"
srmust.csv,srm,ust,2021-12-01 10:12:00,2022-10-11 08:59:00,23351,"['open', 'close', 'high', 'low', 'volume', 'Unnamed: 0']"
crvusd.csv,crv,usd,2021-12-01 13:08:00,2022-10-11 10:06:00,160284,"['open', 'close', 'high', 'low', 'volume', 'Unnamed: 0']"
crvust.csv,crv,ust,2021-12-01 14:27:00,2022-10-11 10:16:00,157816,"['open', 'close', 'high', 'low', 'volume', 'Unnamed: 0']"
zmtusd.csv,zmt,usd,2021-12-16 10:02:00,2022-10-11 09:24:00,142331,"['open', 'close', 'high', 'low', 'volume', 'Unnamed: 0']"
zmtust.csv,zmt,ust,2021-12-16 10:19:00,2022-10-11 09:29:00,13511,"['open', 'close', 'high', 'low', 'volume', 'Unnamed: 0']"
dvfusd.csv,dvf,usd,2021-12-21 10:13:00,2022-10-11 00:12:00,7263,"['open', 'close', 'high', 'low', 'volume', 'Unnamed: 0']"
kaiust.csv,kai,ust,2022-01-12 10:07:00,2022-10-11 08:31:00,69793,"['open', 'close', 'high', 'low', 'volume', 'Unnamed: 0']"
kaiusd.csv,kai,usd,2022-01-12 10:08:00,2022-10-11 09:22:00,41014,"['open', 'close', 'high', 'low', 'volume', 'Unnamed: 0']"
pngust.csv,png,ust,2022-01-12 10:19:00,2022-08-10 19:22:00,2556,"['open', 'close', 'high', 'low', 'volume', 'Unnamed: 0']"
pngusd.csv,png,usd,2022-01-12 10:28:00,2022-10-06 00:11:00,4958,"['open', 'close', 'high', 'low', 'volume', 'Unnamed: 0']"
wooust.csv,woo,ust,2022-01-24 09:48:00,2022-10-10 18:09:00,3548,"['open', 'close', 'high', 'low', 'volume', 'Unnamed: 0']"
woousd.csv,woo,usd,2022-01-24 10:07:00,2022-10-10 12:55:00,3178,"['open', 'close', 'high', 'low', 'volume', 'Unnamed: 0']"
sgbusd.csv,sgb,usd,2022-01-28 10:04:00,2022-10-11 10:17:00,80389,"['open', 'close', 'high', 'low', 'volume', 'Unnamed: 0']"
sgbust.csv,sgb,ust,2022-01-28 10:32:00,2022-10-11 10:17:00,78396,"['open', 'close', 'high', 'low', 'volume', 'Unnamed: 0']"
sxxusd.csv,sxx,usd,2022-01-28 11:45:00,2022-10-11 10:08:00,2247,"['open', 'close', 'high', 'low', 'volume', 'Unnamed: 0']"
sxxust.csv,sxx,ust,2022-01-28 11:51:00,2022-10-11 10:09:00,2032,"['open', 'close', 'high', 'low', 'volume', 'Unnamed: 0']"
ccdust.csv,ccd,ust,2022-02-10 10:04:00,2022-10-11 10:18:00,141833,"['open', 'close', 'high', 'low', 'volume', 'Unnamed: 0']"
ccdusd.csv,ccd,usd,2022-02-10 10:04:00,2022-10-11 10:18:00,131408,"['open', 'close', 'high', 'low', 'volume', 'Unnamed: 0']"
ccdbtc.csv,ccd,btc,2022-02-10 10:06:00,2022-10-11 09:48:00,20721,"['open', 'close', 'high', 'low', 'volume', 'Unnamed: 0']"
gbpust.csv,gbp,ust,2022-02-17 10:29:00,2022-10-11 10:19:00,141345,"['open', 'close', 'high', 'low', 'volume', 'Unnamed: 0']"
jpyust.csv,jpy,ust,2022-02-17 10:29:00,2022-10-11 10:19:00,128716,"['open', 'close', 'high', 'low', 'volume', 'Unnamed: 0']"
gbpeut.csv,gbp,eut,2022-02-17 13:06:00,2022-10-11 10:20:00,101922,"['open', 'close', 'high', 'low', 'volume', 'Unnamed: 0']"
bmnusd.csv,bmn,usd,2022-03-01 13:48:00,2022-08-10 06:03:00,32,"['open', 'close', 'high', 'low', 'volume', 'Unnamed: 0']"
hixust.csv,hix,ust,2022-03-10 10:02:00,2022-10-11 10:21:00,177774,"['open', 'close', 'high', 'low', 'volume', 'Unnamed: 0']"
hixusd.csv,hix,usd,2022-03-10 10:06:00,2022-10-11 10:21:00,136919,"['open', 'close', 'high', 'low', 'volume', 'Unnamed: 0']"
bmnbtc.csv,bmn,btc,2022-03-17 15:23:00,2022-07-15 21:43:00,12,"['open', 'close', 'high', 'low', 'volume', 'Unnamed: 0']"
apeusd.csv,ape,usd,2022-03-17 17:50:00,2022-10-11 10:19:00,204428,"['open', 'close', 'high', 'low', 'volume', 'Unnamed: 0']"
apeust.csv,ape,ust,2022-03-17 17:59:00,2022-10-11 10:21:00,206055,"['open', 'close', 'high', 'low', 'volume', 'Unnamed: 0']"
b2musd.csv,b2m,usd,2022-04-07 10:02:00,2022-10-11 09:48:00,5362,"['open', 'close', 'high', 'low', 'volume', 'Unnamed: 0']"
b2must.csv,b2m,ust,2022-04-07 10:08:00,2022-10-10 23:54:00,4961,"['open', 'close', 'high', 'low', 'volume', 'Unnamed: 0']"
stgusd.csv,stg,usd,2022-04-26 10:09:00,2022-10-11 09:45:00,70362,"['open', 'close', 'high', 'low', 'volume', 'Unnamed: 0']"
stgust.csv,stg,ust,2022-04-26 10:10:00,2022-10-11 09:58:00,70782,"['open', 'close', 'high', 'low', 'volume', 'Unnamed: 0']"
gmtust.csv,gmt,ust,2022-05-24 10:38:00,2022-07-11 09:58:00,146,"['open', 'close', 'high', 'low', 'volume', 'Unnamed: 0']"
gmtusd.csv,gmt,usd,2022-05-24 10:48:00,2022-07-12 06:40:00,239,"['open', 'close', 'high', 'low', 'volume', 'Unnamed: 0']"
gstust.csv,gst,ust,2022-05-24 11:16:00,2022-07-10 11:27:00,89,"['open', 'close', 'high', 'low', 'volume', 'Unnamed: 0']"
gstusd.csv,gst,usd,2022-05-24 11:57:00,2022-07-12 08:40:00,207,"['open', 'close', 'high', 'low', 'volume', 'Unnamed: 0']"
vraust.csv,vra,ust,2022-06-07 10:40:00,2022-10-11 05:13:00,53247,"['open', 'close', 'high', 'low', 'volume', 'Unnamed: 0']"
vrausd.csv,vra,usd,2022-06-07 10:41:00,2022-10-11 09:54:00,52117,"['open', 'close', 'high', 'low', 'volume', 'Unnamed: 0']"
rlyusd.csv,rly,usd,2022-06-17 10:32:00,2022-10-11 10:24:00,57849,"['open', 'close', 'high', 'low', 'volume', 'Unnamed: 0']"
rlyust.csv,rly,ust,2022-06-17 12:23:00,2022-10-11 10:23:00,58094,"['open', 'close', 'high', 'low', 'volume', 'Unnamed: 0']"
gxtusd.csv,gxt,usd,2022-07-07 09:59:00,2022-10-11 09:48:00,14351,"['open', 'close', 'high', 'low', 'volume', 'Unnamed: 0']"
gxtust.csv,gxt,ust,2022-07-07 10:00:00,2022-10-11 09:48:00,12813,"['open', 'close', 'high', 'low', 'volume', 'Unnamed: 0']"
fbtust.csv,fbt,ust,2022-07-19 10:07:00,2022-10-11 10:23:00,8018,"['open', 'close', 'high', 'low', 'volume', 'Unnamed: 0']"
fbtusd.csv,fbt,usd,2022-07-19 10:18:00,2022-10-11 10:15:00,11244,"['open', 'close', 'high', 'low', 'volume', 'Unnamed: 0']"
xcnusd.csv,xcn,usd,2022-09-22 10:11:00,2022-10-11 10:08:00,13070,"['open', 'close', 'high', 'low', 'volume', 'Unnamed: 0']"
xcnust.csv,xcn,ust,2022-09-22 10:26:00,2022-10-11 10:08:00,4503,"['open', 'close', 'high', 'low', 'volume', 'Unnamed: 0']"
smrusd.csv,smr,usd,2022-10-06 12:52:00,2022-10-11 10:28:00,3713,"['open', 'close', 'high', 'low', 'volume', 'Unnamed: 0']"
smrust.csv,smr,ust,2022-10-06 12:56:00,2022-10-11 10:28:00,2914,"['open', 'close', 'high', 'low', 'volume', 'Unnamed: 0']"
